<?xml version="1.0" encoding="UTF-8"?>

<export>
	<info>
		<creator>jgregorio</creator>
		<opencms_version>9.5.3</opencms_version>
		<createdate>Thu, 20 Jul 2017 19:45:07 GMT</createdate>
		<infoproject>Offline</infoproject>
		<export_version>7</export_version>
	</info>
	<module>
		<name>com.jgregorio.opencms.fileupload</name>
		<nicename><![CDATA[Fileupload]]></nicename>
		<class/>
		<description><![CDATA[Módulo para subida de ficheros]]></description>
		<version>0.1</version>
		<authorname><![CDATA[jgregorio]]></authorname>
		<authoremail><![CDATA[gregoriojesus0@gmail.com]]></authoremail>
		<datecreated/>
		<userinstalled/>
		<dateinstalled/>
		<dependencies/>
		<exportpoints>
			<exportpoint uri="/system/modules/com.jgregorio.opencms.fileupload/classes/" destination="WEB-INF/classes/"/>
		</exportpoints>
		<resources>
			<resource uri="/system/modules/com.jgregorio.opencms.fileupload/"/>
		</resources>
		<parameters/>
	</module>
	<files>
		<file>
			<destination>system</destination>
			<type>folder</type>
			<uuidstructure>0b5db51b-5ddf-11e7-aa72-a9d86ae54e32</uuidstructure>
			<datelastmodified>Fri, 30 Jun 2017 21:57:01 GMT</datelastmodified>
			<userlastmodified>Admin</userlastmodified>
			<datecreated>Fri, 30 Jun 2017 21:57:01 GMT</datecreated>
			<usercreated>Admin</usercreated>
			<flags>0</flags>
			<properties/>
			<relations/>
			<accesscontrol>
				<accessentry>
					<uuidprincipal>ROLE.WORKPLACE_USER</uuidprincipal>
					<flags>514</flags>
					<permissionset>
						<allowed>1</allowed>
						<denied>0</denied>
					</permissionset>
				</accessentry>
			</accesscontrol>
		</file>
		<file>
			<destination>system/modules</destination>
			<type>folder</type>
			<uuidstructure>10b161e7-5ddf-11e7-aa72-a9d86ae54e32</uuidstructure>
			<datelastmodified>Fri, 30 Jun 2017 21:57:09 GMT</datelastmodified>
			<userlastmodified>Admin</userlastmodified>
			<datecreated>Fri, 30 Jun 2017 21:57:09 GMT</datecreated>
			<usercreated>Admin</usercreated>
			<flags>0</flags>
			<properties/>
			<relations/>
			<accesscontrol>
				<accessentry>
					<uuidprincipal>ROLE.WORKPLACE_USER</uuidprincipal>
					<flags>514</flags>
					<permissionset>
						<allowed>5</allowed>
						<denied>0</denied>
					</permissionset>
				</accessentry>
			</accesscontrol>
		</file>
		<file>
			<destination>system/modules/com.jgregorio.opencms.fileupload</destination>
			<type>folder</type>
			<uuidstructure>0088c10e-6d6b-11e7-95ca-f53d2dda7236</uuidstructure>
			<datelastmodified>Thu, 20 Jul 2017 16:46:39 GMT</datelastmodified>
			<userlastmodified>jgregorio</userlastmodified>
			<datecreated>Thu, 20 Jul 2017 16:46:39 GMT</datecreated>
			<usercreated>jgregorio</usercreated>
			<flags>0</flags>
			<properties/>
			<relations/>
			<accesscontrol/>
		</file>
		<file>
			<destination>system/modules/com.jgregorio.opencms.fileupload/classes</destination>
			<type>folder</type>
			<uuidstructure>00c83b1a-6d6b-11e7-95ca-f53d2dda7236</uuidstructure>
			<datelastmodified>Thu, 20 Jul 2017 16:46:40 GMT</datelastmodified>
			<userlastmodified>jgregorio</userlastmodified>
			<datecreated>Thu, 20 Jul 2017 16:46:40 GMT</datecreated>
			<usercreated>jgregorio</usercreated>
			<flags>0</flags>
			<properties/>
			<relations/>
			<accesscontrol/>
		</file>
		<file>
			<destination>system/modules/com.jgregorio.opencms.fileupload/classes/com</destination>
			<type>folder</type>
			<uuidstructure>00d114bc-6d6b-11e7-95ca-f53d2dda7236</uuidstructure>
			<datelastmodified>Thu, 20 Jul 2017 16:46:40 GMT</datelastmodified>
			<userlastmodified>jgregorio</userlastmodified>
			<datecreated>Thu, 20 Jul 2017 16:46:40 GMT</datecreated>
			<usercreated>jgregorio</usercreated>
			<flags>0</flags>
			<properties/>
			<relations/>
			<accesscontrol/>
		</file>
		<file>
			<destination>system/modules/com.jgregorio.opencms.fileupload/classes/com/jgregorio</destination>
			<type>folder</type>
			<uuidstructure>00dab1ae-6d6b-11e7-95ca-f53d2dda7236</uuidstructure>
			<datelastmodified>Thu, 20 Jul 2017 16:46:40 GMT</datelastmodified>
			<userlastmodified>jgregorio</userlastmodified>
			<datecreated>Thu, 20 Jul 2017 16:46:40 GMT</datecreated>
			<usercreated>jgregorio</usercreated>
			<flags>0</flags>
			<properties/>
			<relations/>
			<accesscontrol/>
		</file>
		<file>
			<destination>system/modules/com.jgregorio.opencms.fileupload/classes/com/jgregorio/opencms</destination>
			<type>folder</type>
			<uuidstructure>00e782f0-6d6b-11e7-95ca-f53d2dda7236</uuidstructure>
			<datelastmodified>Thu, 20 Jul 2017 16:46:40 GMT</datelastmodified>
			<userlastmodified>jgregorio</userlastmodified>
			<datecreated>Thu, 20 Jul 2017 16:46:40 GMT</datecreated>
			<usercreated>jgregorio</usercreated>
			<flags>0</flags>
			<properties/>
			<relations/>
			<accesscontrol/>
		</file>
		<file>
			<destination>system/modules/com.jgregorio.opencms.fileupload/classes/com/jgregorio/opencms/fileupload</destination>
			<type>folder</type>
			<uuidstructure>00f601e2-6d6b-11e7-95ca-f53d2dda7236</uuidstructure>
			<datelastmodified>Thu, 20 Jul 2017 16:46:40 GMT</datelastmodified>
			<userlastmodified>jgregorio</userlastmodified>
			<datecreated>Thu, 20 Jul 2017 16:46:40 GMT</datecreated>
			<usercreated>jgregorio</usercreated>
			<flags>0</flags>
			<properties/>
			<relations/>
			<accesscontrol/>
		</file>
		<file>
			<destination>system/modules/com.jgregorio.opencms.fileupload/elements</destination>
			<type>folder</type>
			<uuidstructure>00a39c12-6d6b-11e7-95ca-f53d2dda7236</uuidstructure>
			<datelastmodified>Thu, 20 Jul 2017 16:46:39 GMT</datelastmodified>
			<userlastmodified>jgregorio</userlastmodified>
			<datecreated>Thu, 20 Jul 2017 16:46:39 GMT</datecreated>
			<usercreated>jgregorio</usercreated>
			<flags>0</flags>
			<properties/>
			<relations/>
			<accesscontrol/>
		</file>
		<file>
			<source>system/modules/com.jgregorio.opencms.fileupload/elements/fileupload.jsp</source>
			<destination>system/modules/com.jgregorio.opencms.fileupload/elements/fileupload.jsp</destination>
			<type>jsp</type>
			<uuidstructure>f455f447-6d7e-11e7-bbf1-f53d2dda7236</uuidstructure>
			<uuidresource>f455f448-6d7e-11e7-bbf1-f53d2dda7236</uuidresource>
			<datelastmodified>Thu, 20 Jul 2017 19:33:07 GMT</datelastmodified>
			<userlastmodified>jgregorio</userlastmodified>
			<datecreated>Thu, 20 Jul 2017 19:09:29 GMT</datecreated>
			<usercreated>jgregorio</usercreated>
			<flags>0</flags>
			<properties>
				<property type="shared">
					<name>export</name>
					<value><![CDATA[false]]></value>
				</property>
			</properties>
			<relations/>
			<accesscontrol/>
		</file>
		<file>
			<destination>system/modules/com.jgregorio.opencms.fileupload/formatters</destination>
			<type>folder</type>
			<uuidstructure>00ac0084-6d6b-11e7-95ca-f53d2dda7236</uuidstructure>
			<datelastmodified>Thu, 20 Jul 2017 16:46:39 GMT</datelastmodified>
			<userlastmodified>jgregorio</userlastmodified>
			<datecreated>Thu, 20 Jul 2017 16:46:39 GMT</datecreated>
			<usercreated>jgregorio</usercreated>
			<flags>0</flags>
			<properties/>
			<relations/>
			<accesscontrol/>
		</file>
		<file>
			<destination>system/modules/com.jgregorio.opencms.fileupload/resources</destination>
			<type>folder</type>
			<uuidstructure>00bfaf98-6d6b-11e7-95ca-f53d2dda7236</uuidstructure>
			<datelastmodified>Thu, 20 Jul 2017 16:46:39 GMT</datelastmodified>
			<userlastmodified>jgregorio</userlastmodified>
			<datecreated>Thu, 20 Jul 2017 16:46:39 GMT</datecreated>
			<usercreated>jgregorio</usercreated>
			<flags>0</flags>
			<properties/>
			<relations/>
			<accesscontrol/>
		</file>
		<file>
			<destination>system/modules/com.jgregorio.opencms.fileupload/resources/js</destination>
			<type>folder</type>
			<uuidstructure>824afc54-6d6b-11e7-95ca-f53d2dda7236</uuidstructure>
			<datelastmodified>Thu, 20 Jul 2017 16:50:17 GMT</datelastmodified>
			<userlastmodified>jgregorio</userlastmodified>
			<datecreated>Thu, 20 Jul 2017 16:50:17 GMT</datecreated>
			<usercreated>jgregorio</usercreated>
			<flags>0</flags>
			<properties/>
			<relations/>
			<accesscontrol/>
		</file>
		<file>
			<source>system/modules/com.jgregorio.opencms.fileupload/resources/js/dragAndDrop.js</source>
			<destination>system/modules/com.jgregorio.opencms.fileupload/resources/js/dragAndDrop.js</destination>
			<type>plain</type>
			<uuidstructure>8d852196-6d6b-11e7-95ca-f53d2dda7236</uuidstructure>
			<uuidresource>8d852197-6d6b-11e7-95ca-f53d2dda7236</uuidresource>
			<datelastmodified>Thu, 20 Jul 2017 19:09:56 GMT</datelastmodified>
			<userlastmodified>jgregorio</userlastmodified>
			<datecreated>Thu, 20 Jul 2017 16:50:36 GMT</datecreated>
			<usercreated>jgregorio</usercreated>
			<flags>0</flags>
			<properties/>
			<relations/>
			<accesscontrol/>
		</file>
		<file>
			<destination>system/modules/com.jgregorio.opencms.fileupload/schemas</destination>
			<type>folder</type>
			<uuidstructure>00b77236-6d6b-11e7-95ca-f53d2dda7236</uuidstructure>
			<datelastmodified>Thu, 20 Jul 2017 16:46:39 GMT</datelastmodified>
			<userlastmodified>jgregorio</userlastmodified>
			<datecreated>Thu, 20 Jul 2017 16:46:39 GMT</datecreated>
			<usercreated>jgregorio</usercreated>
			<flags>0</flags>
			<properties/>
			<relations/>
			<accesscontrol/>
		</file>
		<file>
			<destination>system/modules/com.jgregorio.opencms.fileupload/templates</destination>
			<type>folder</type>
			<uuidstructure>009ae980-6d6b-11e7-95ca-f53d2dda7236</uuidstructure>
			<datelastmodified>Thu, 20 Jul 2017 16:46:39 GMT</datelastmodified>
			<userlastmodified>jgregorio</userlastmodified>
			<datecreated>Thu, 20 Jul 2017 16:46:39 GMT</datecreated>
			<usercreated>jgregorio</usercreated>
			<flags>0</flags>
			<properties/>
			<relations/>
			<accesscontrol/>
		</file>
		<file>
			<source>system/modules/com.jgregorio.opencms.fileupload/templates/template-fileupload.jsp</source>
			<destination>system/modules/com.jgregorio.opencms.fileupload/templates/template-fileupload.jsp</destination>
			<type>jsp</type>
			<uuidstructure>f517487a-6d7e-11e7-bbf1-f53d2dda7236</uuidstructure>
			<uuidresource>f517487b-6d7e-11e7-bbf1-f53d2dda7236</uuidresource>
			<datelastmodified>Thu, 20 Jul 2017 19:18:50 GMT</datelastmodified>
			<userlastmodified>jgregorio</userlastmodified>
			<datecreated>Thu, 20 Jul 2017 19:09:30 GMT</datecreated>
			<usercreated>jgregorio</usercreated>
			<flags>0</flags>
			<properties>
				<property type="shared">
					<name>export</name>
					<value><![CDATA[false]]></value>
				</property>
			</properties>
			<relations/>
			<accesscontrol/>
		</file>
	</files>
</export>
